run_idx,combination_idx,repeat_idx,status,runtime,cte_bench_timed.io_size,cte_bench_timed.num_threads,cte_bench_timed.test_case,cte_bench_timed.get.agg_bw_mbps,cte_bench_timed.get.agg_ops_per_sec,cte_bench_timed.get.avg_latency_per_op_us,cte_bench_timed.get.bw_per_thread_avg_mbps,cte_bench_timed.get.bw_per_thread_max_mbps,cte_bench_timed.get.bw_per_thread_min_mbps,cte_bench_timed.get.latency_stddev_us,cte_bench_timed.get.ops_per_thread_avg_per_sec,cte_bench_timed.get.time_avg_us,cte_bench_timed.get.time_max_us,cte_bench_timed.get.time_min_us,cte_bench_timed.get.total_data_mb,cte_bench_timed.get.total_ops,cte_bench_timed.put.agg_bw_mbps,cte_bench_timed.put.agg_ops_per_sec,cte_bench_timed.put.avg_latency_per_op_us,cte_bench_timed.put.bw_per_thread_avg_mbps,cte_bench_timed.put.bw_per_thread_max_mbps,cte_bench_timed.put.bw_per_thread_min_mbps,cte_bench_timed.put.latency_stddev_us,cte_bench_timed.put.ops_per_thread_avg_per_sec,cte_bench_timed.put.time_avg_us,cte_bench_timed.put.time_max_us,cte_bench_timed.put.time_min_us,cte_bench_timed.put.total_data_mb,cte_bench_timed.put.total_ops,cte_bench_timed.putget.agg_bw_mbps,cte_bench_timed.putget.agg_ops_per_sec,cte_bench_timed.putget.avg_latency_per_op_us,cte_bench_timed.putget.bw_per_thread_avg_mbps,cte_bench_timed.putget.bw_per_thread_max_mbps,cte_bench_timed.putget.bw_per_thread_min_mbps,cte_bench_timed.putget.latency_stddev_us,cte_bench_timed.putget.ops_per_thread_avg_per_sec,cte_bench_timed.putget.time_avg_us,cte_bench_timed.putget.time_max_us,cte_bench_timed.putget.time_min_us,cte_bench_timed.putget.total_data_mb,cte_bench_timed.putget.total_ops,error
0,0,0,success,37.374494791030884,4k,1,Put,,,,,,,,,,,,,,7.78822,1993.78,501.559,7.78822,7.78822,7.78822,0.0,1993.78,30001200.0,30001238.0,30001238.0,233.656,59816.0,,,,,,,,,,,,,,
1,0,1,success,36.27864050865173,4k,1,Put,,,,,,,,,,,,,,7.78701,1993.47,501.637,7.78701,7.78701,7.78701,0.0,1993.47,30001900.0,30001904.0,30001904.0,233.625,59808.0,,,,,,,,,,,,,,
2,0,2,success,36.29205632209778,4k,1,Put,,,,,,,,,,,,,,7.79232,1994.83,501.295,7.79232,7.79232,7.79232,0.0,1994.83,30001500.0,30001483.0,30001483.0,233.781,59848.0,,,,,,,,,,,,,,
3,1,0,success,36.28793025016785,4k,2,Put,,,,,,,,,,,,,,7.94261,2033.31,983.619,3.97131,3.9713,3.97131,39.0,1016.65,30000400.0,30000408.0,30000330.0,238.281,61000.0,,,,,,,,,,,,,,
4,1,1,success,36.28367781639099,4k,2,Put,,,,,,,,,,,,,,7.87027,2014.79,992.659,3.93514,3.93513,3.93515,66.5,1007.39,30002100.0,30002201.0,30002068.0,236.125,60448.0,,,,,,,,,,,,,,
5,1,2,success,36.30644869804382,4k,2,Put,,,,,,,,,,,,,,7.90162,2022.81,988.722,3.95081,3.9508,3.95081,23.5,1011.41,30001800.0,30001801.0,30001754.0,237.062,60688.0,,,,,,,,,,,,,,
6,2,0,success,36.277182817459106,4k,4,Put,,,,,,,,,,,,,,8.0183,2052.68,1948.67,2.00457,2.00457,2.00458,106.359,513.171,30003600.0,30003778.0,30003519.0,240.578,61588.0,,,,,,,,,,,,,,
7,2,1,success,36.271663188934326,4k,4,Put,,,,,,,,,,,,,,8.21868,2103.98,1901.16,2.05467,2.05465,2.05468,128.66,525.995,30000300.0,30000480.0,30000153.0,246.562,63120.0,,,,,,,,,,,,,,
8,2,2,success,36.26493549346924,4k,4,Put,,,,,,,,,,,,,,8.00546,2049.4,1951.79,2.00136,2.00136,2.00138,141.093,512.349,30001000.0,30001109.0,30000777.0,240.172,61484.0,,,,,,,,,,,,,,
9,3,0,success,36.28544759750366,16k,1,Put,,,,,,,,,,,,,,30.1326,1928.49,518.541,30.1326,30.1326,30.1326,0.0,1928.49,30000700.0,30000682.0,30000682.0,904.0,57856.0,,,,,,,,,,,,,,
10,3,1,success,36.28579020500183,16k,1,Put,,,,,,,,,,,,,,31.4257,2011.24,497.205,31.4257,31.4257,31.4257,0.0,2011.24,30001300.0,30001329.0,30001329.0,942.812,60340.0,,,,,,,,,,,,,,
11,3,2,success,36.2815957069397,16k,1,Put,,,,,,,,,,,,,,31.7702,2033.29,491.813,31.7702,31.7702,31.7702,0.0,2033.29,30000600.0,30000617.0,30000617.0,953.125,61000.0,,,,,,,,,,,,,,
12,4,0,success,36.27692461013794,16k,2,Put,,,,,,,,,,,,,,31.6546,2025.9,987.218,15.8273,15.8273,15.8273,64.0,1012.95,30001500.0,30001609.0,30001481.0,949.688,60780.0,,,,,,,,,,,,,,
13,4,1,success,36.27718234062195,16k,2,Put,,,,,,,,,,,,,,31.936,2043.9,978.519,15.968,15.9679,15.9681,133.5,1021.95,30001400.0,30001530.0,30001263.0,958.125,61320.0,,,,,,,,,,,,,,
14,4,2,success,36.28247904777527,16k,2,Put,,,,,,,,,,,,,,31.7066,2029.22,985.598,15.8533,15.8533,15.8533,59.5,1014.61,30001600.0,30001674.0,30001555.0,951.25,60880.0,,,,,,,,,,,,,,
15,5,0,success,36.28020739555359,16k,4,Put,,,,,,,,,,,,,,31.6654,2026.59,1973.76,7.91636,7.91631,7.91643,171.361,506.647,30003200.0,30003318.0,30002868.0,950.062,60804.0,,,,,,,,,,,,,,
16,5,1,success,36.27902340888977,16k,4,Put,,,,,,,,,,,,,,32.4669,2077.88,1925.04,8.11672,8.11668,8.11681,187.218,519.47,30001700.0,30001866.0,30001401.0,974.062,62340.0,,,,,,,,,,,,,,
17,5,2,success,36.28246235847473,16k,4,Put,,,,,,,,,,,,,,32.3886,2072.87,1929.69,8.09715,8.09712,8.09719,93.1263,518.218,30004800.0,30004875.0,30004621.0,971.812,62196.0,,,,,,,,,,,,,,
18,6,0,success,36.297470569610596,64k,1,Put,,,,,,,,,,,,,,110.113,1761.81,567.599,110.113,110.113,110.113,0.0,1761.81,30001000.0,30001010.0,30001010.0,3303.5,52856.0,,,,,,,,,,,,,,
19,6,1,success,36.27288222312927,64k,1,Put,,,,,,,,,,,,,,118.38,1894.09,527.959,118.38,118.38,118.38,0.0,1894.09,30000700.0,30000733.0,30000733.0,3551.5,56824.0,,,,,,,,,,,,,,
20,6,2,success,36.27355909347534,64k,1,Put,,,,,,,,,,,,,,114.779,1836.47,544.523,114.779,114.779,114.779,0.0,1836.47,30001100.0,30001066.0,30001066.0,3443.5,55096.0,,,,,,,,,,,,,,
21,7,0,success,36.270575761795044,64k,2,Put,,,,,,,,,,,,,,126.439,2023.02,988.619,63.2195,63.219,63.22,247.5,1011.51,30000600.0,30000885.0,30000390.0,3793.25,60692.0,,,,,,,,,,,,,,
22,7,1,success,36.274187326431274,64k,2,Put,,,,,,,,,,,,,,126.532,2024.51,987.896,63.2658,63.2655,63.266,116.5,1012.25,30000400.0,30000532.0,30000299.0,3796.0,60736.0,,,,,,,,,,,,,,
23,7,2,success,36.29084491729736,64k,2,Put,,,,,,,,,,,,,,130.95,2095.2,954.562,65.4751,65.4746,65.4755,189.0,1047.6,30001900.0,30002071.0,30001693.0,3928.75,62860.0,,,,,,,,,,,,,,
24,8,0,success,36.25585699081421,64k,4,Put,,,,,,,,,,,,,,125.269,2004.3,1995.71,31.3172,31.3167,31.3178,468.828,501.076,30001400.0,30001941.0,30000943.0,3758.25,60132.0,,,,,,,,,,,,,,
25,8,1,success,36.275046586990356,64k,4,Put,,,,,,,,,,,,,,126.844,2029.5,1970.93,31.711,31.7106,31.7114,261.611,507.375,30005400.0,30005729.0,30004996.0,3806.0,60896.0,,,,,,,,,,,,,,
26,8,2,success,36.28114414215088,64k,4,Put,,,,,,,,,,,,,,126.649,2026.39,1973.96,31.6623,31.6622,31.6624,86.9206,506.597,30000200.0,30000282.0,30000071.0,3799.5,60792.0,,,,,,,,,,,,,,
27,9,0,success,36.27390241622925,256k,1,Put,,,,,,,,,,,,,,260.487,1041.95,959.741,260.487,260.487,260.487,0.0,1041.95,30001500.0,30001496.0,30001496.0,7815.0,31260.0,,,,,,,,,,,,,,
28,9,1,success,36.275715589523315,256k,1,Put,,,,,,,,,,,,,,352.943,1411.77,708.33,352.943,352.943,352.943,0.0,1411.77,30002000.0,30002042.0,30002042.0,10589.0,42356.0,,,,,,,,,,,,,,
29,9,2,success,36.26059293746948,256k,1,Put,,,,,,,,,,,,,,370.147,1480.59,675.407,370.147,370.147,370.147,0.0,1480.59,30001600.0,30001597.0,30001597.0,11105.0,44420.0,,,,,,,,,,,,,,
30,10,0,success,36.26835060119629,256k,2,Put,,,,,,,,,,,,,,496.046,1984.19,1007.97,248.023,248.019,248.028,532.5,992.093,30001200.0,30001755.0,30000690.0,14882.0,59528.0,,,,,,,,,,,,,,
31,10,1,success,36.28005337715149,256k,2,Put,,,,,,,,,,,,,,502.991,2011.96,994.054,251.495,251.49,251.501,684.5,1005.98,30002500.0,30003227.0,30001858.0,15091.0,60364.0,,,,,,,,,,,,,,
32,10,2,success,36.270341873168945,256k,2,Put,,,,,,,,,,,,,,503.367,2013.47,993.311,251.684,251.677,251.69,783.5,1006.73,30002000.0,30002750.0,30001183.0,15102.0,60408.0,,,,,,,,,,,,,,
33,11,0,success,36.278138160705566,256k,4,Put,,,,,,,,,,,,,,503.705,2014.82,1985.29,125.926,125.919,125.933,1328.09,503.705,30001700.0,30003471.0,30000010.0,15112.0,60448.0,,,,,,,,,,,,,,
34,11,1,success,36.26865768432617,256k,4,Put,,,,,,,,,,,,,,509.255,2037.02,1963.65,127.314,127.309,127.319,813.706,509.255,30004600.0,30005719.0,30003427.0,15280.0,61120.0,,,,,,,,,,,,,,
35,11,2,success,36.27215313911438,256k,4,Put,,,,,,,,,,,,,,522.885,2091.54,1912.47,130.721,130.714,130.726,1212.02,522.885,30004700.0,30006386.0,30003516.0,15689.0,62756.0,,,,,,,,,,,,,,
36,12,0,success,36.27540183067322,1m,1,Put,,,,,,,,,,,,,,496.601,496.601,2013.69,496.601,496.601,496.601,0.0,496.601,30004000.0,30003997.0,30003997.0,14900.0,14900.0,,,,,,,,,,,,,,
37,12,1,success,36.28913998603821,1m,1,Put,,,,,,,,,,,,,,546.498,546.498,1829.83,546.498,546.498,546.498,0.0,546.498,30009300.0,30009275.0,30009275.0,16400.0,16400.0,,,,,,,,,,,,,,
38,12,2,success,36.26938605308533,1m,1,Put,,,,,,,,,,,,,,560.515,560.515,1784.07,560.515,560.515,560.515,0.0,560.515,30008100.0,30008114.0,30008114.0,16820.0,16820.0,,,,,,,,,,,,,,
39,13,0,success,36.28455090522766,1m,2,Put,,,,,,,,,,,,,,1185.52,1185.52,1687.03,592.758,592.737,592.778,1029.5,592.758,30002100.0,30003164.0,30001105.0,35568.0,35568.0,,,,,,,,,,,,,,
40,13,1,success,36.27888798713684,1m,2,Put,,,,,,,,,,,,,,1250.28,1250.28,1599.65,625.138,625.03,625.245,5146.0,625.138,30006200.0,30011340.0,30001048.0,37516.0,37516.0,,,,,,,,,,,,,,
41,13,2,success,36.28225350379944,1m,2,Put,,,,,,,,,,,,,,1295.7,1295.7,1543.57,647.85,647.823,647.876,1220.0,647.85,30003900.0,30005097.0,30002657.0,38876.0,38876.0,,,,,,,,,,,,,,
42,14,0,success,36.272297620773315,1m,4,Put,,,,,,,,,,,,,,1325.61,1325.61,3017.47,331.403,331.361,331.483,4285.79,331.403,30014800.0,30018665.0,30007591.0,39788.0,39788.0,,,,,,,,,,,,,,
43,14,1,success,36.27435088157654,1m,4,Put,,,,,,,,,,,,,,1316.91,1316.91,3037.42,329.227,329.077,329.287,7900.0,329.227,30006700.0,30020302.0,30001213.0,39516.0,39516.0,,,,,,,,,,,,,,
44,14,2,success,36.27943181991577,1m,4,Put,,,,,,,,,,,,,,1322.3,1322.3,3025.03,330.576,330.539,330.614,2413.07,330.576,30020400.0,30023680.0,30016919.0,39696.0,39696.0,,,,,,,,,,,,,,
45,15,0,success,36.258952379226685,4k,1,Get,96.7939,24779.2,40.3563,96.7939,96.7939,96.7939,0.0,24779.2,30000100.0,30000102.0,30000102.0,2903.83,743380.0,,,,,,,,,,,,,,,,,,,,,,,,,,,
46,15,1,success,36.270811796188354,4k,1,Get,95.6883,24496.2,40.8226,95.6883,95.6883,95.6883,0.0,24496.2,30000100.0,30000063.0,30000063.0,2870.66,734888.0,,,,,,,,,,,,,,,,,,,,,,,,,,,
47,15,2,success,36.26591658592224,4k,1,Get,95.2444,24382.6,41.0129,95.2444,95.2444,95.2444,0.0,24382.6,30000100.0,30000121.0,30000121.0,2857.34,731480.0,,,,,,,,,,,,,,,,,,,,,,,,,,,
48,16,0,success,36.276992321014404,4k,2,Get,183.04,46858.3,42.6819,91.52,91.5199,91.5202,40.5,23429.1,30000100.0,30000127.0,30000046.0,5491.22,1405752.0,,,,,,,,,,,,,,,,,,,,,,,,,,,
49,16,1,success,36.28459620475769,4k,2,Get,182.296,46667.9,42.856,91.1482,91.148,91.1483,48.5,23333.9,30000100.0,30000130.0,30000033.0,5468.91,1400040.0,,,,,,,,,,,,,,,,,,,,,,,,,,,
50,16,2,success,36.28300666809082,4k,2,Get,184.369,47198.4,42.3743,92.1844,92.1843,92.1845,32.5,23599.2,30000100.0,30000095.0,30000030.0,5531.08,1415956.0,,,,,,,,,,,,,,,,,,,,,,,,,,,
51,17,0,success,36.2764675617218,4k,4,Get,181.999,46591.6,85.8523,45.4996,45.4995,45.4998,79.0044,11647.9,30000100.0,30000226.0,30000016.0,5459.98,1397756.0,,,,,,,,,,,,,,,,,,,,,,,,,,,
52,17,1,success,36.272022008895874,4k,4,Get,177.171,45355.7,88.1919,44.2926,44.2926,44.2927,42.6285,11338.9,30000100.0,30000183.0,30000078.0,5315.14,1360676.0,,,,,,,,,,,,,,,,,,,,,,,,,,,
53,17,2,success,36.25530242919922,4k,4,Get,179.748,46015.4,86.9275,44.9369,44.9368,44.937,33.2819,11503.8,30000100.0,30000195.0,30000104.0,5392.45,1380468.0,,,,,,,,,,,,,,,,,,,,,,,,,,,
54,18,0,success,36.267590284347534,16k,1,Get,372.336,23829.5,41.9648,372.336,372.336,372.336,0.0,23829.5,30000100.0,30000115.0,30000115.0,11170.1,714888.0,,,,,,,,,,,,,,,,,,,,,,,,,,,
55,18,1,success,36.26972532272339,16k,1,Get,375.704,24045.1,41.5886,375.704,375.704,375.704,0.0,24045.1,30000000.0,30000013.0,30000013.0,11271.1,721352.0,,,,,,,,,,,,,,,,,,,,,,,,,,,
56,18,2,success,36.25854229927063,16k,1,Get,370.586,23717.5,42.163,370.586,370.586,370.586,0.0,23717.5,30000100.0,30000132.0,30000132.0,11117.6,711528.0,,,,,,,,,,,,,,,,,,,,,,,,,,,
57,19,0,success,36.271249771118164,16k,2,Get,744.322,47636.6,41.9845,372.161,372.16,372.161,29.0,23818.3,30000100.0,30000085.0,30000027.0,22329.7,1429100.0,,,,,,,,,,,,,,,,,,,,,,,,,,,
58,19,1,success,36.27314877510071,16k,2,Get,718.392,45977.1,43.4999,359.196,359.196,359.196,17.0,22988.5,30000100.0,30000089.0,30000055.0,21551.8,1379316.0,,,,,,,,,,,,,,,,,,,,,,,,,,,
59,19,2,success,36.26744079589844,16k,2,Get,734.258,46992.5,42.56,367.129,367.129,367.129,12.0,23496.2,30000100.0,30000124.0,30000100.0,22027.8,1409780.0,,,,,,,,,,,,,,,,,,,,,,,,,,,
60,20,0,success,36.27288031578064,16k,4,Get,708.22,45326.1,88.2495,177.055,177.055,177.055,42.9244,11331.5,30000100.0,30000197.0,30000076.0,21246.7,1359788.0,,,,,,,,,,,,,,,,,,,,,,,,,,,
61,20,1,success,36.25583267211914,16k,4,Get,704.246,45071.8,88.7473,176.062,176.061,176.062,55.4183,11267.9,30000100.0,30000148.0,30000009.0,21127.4,1352156.0,,,,,,,,,,,,,,,,,,,,,,,,,,,
62,20,2,success,36.279178619384766,16k,4,Get,714.296,45714.9,87.4987,178.574,178.574,178.574,45.2569,11428.7,30000200.0,30000243.0,30000136.0,21429.0,1371456.0,,,,,,,,,,,,,,,,,,,,,,,,,,,
63,21,0,success,36.26949858665466,64k,1,Get,1350.08,21601.3,46.2935,1350.08,1350.08,1350.08,0.0,21601.3,30000000.0,30000042.0,30000042.0,40502.5,648040.0,,,,,,,,,,,,,,,,,,,,,,,,,,,
64,21,1,success,36.28232288360596,64k,1,Get,1340.73,21451.7,46.6164,1340.73,1340.73,1340.73,0.0,21451.7,30000100.0,30000096.0,30000096.0,40222.0,643552.0,,,,,,,,,,,,,,,,,,,,,,,,,,,
65,21,2,success,36.27864956855774,64k,1,Get,1342.32,21477.1,46.5612,1342.32,1342.32,1342.32,0.0,21477.1,30000100.0,30000130.0,30000130.0,40269.8,644316.0,,,,,,,,,,,,,,,,,,,,,,,,,,,
66,22,0,success,36.26207756996155,64k,2,Get,2643.87,42301.9,47.2792,1321.93,1321.93,1321.93,13.0,21150.9,30000100.0,30000114.0,30000088.0,79316.2,1269060.0,,,,,,,,,,,,,,,,,,,,,,,,,,,
67,22,1,success,36.265127420425415,64k,2,Get,2713.08,43409.2,46.0731,1356.54,1356.54,1356.54,0.0,21704.6,30000200.0,30000155.0,30000155.0,81392.8,1302284.0,,,,,,,,,,,,,,,,,,,,,,,,,,,
68,22,2,success,36.28637456893921,64k,2,Get,2740.33,43845.3,45.615,1370.16,1370.16,1370.17,13.5,21922.6,30000000.0,30000056.0,30000029.0,82210.0,1315360.0,,,,,,,,,,,,,,,,,,,,,,,,,,,
69,23,0,success,36.27792954444885,64k,4,Get,2742.22,43875.6,91.1669,685.556,685.553,685.558,83.1505,10968.9,30000100.0,30000233.0,30000007.0,82267.0,1316272.0,,,,,,,,,,,,,,,,,,,,,,,,,,,
70,23,1,success,36.27727437019348,64k,4,Get,2776.11,44417.8,90.0539,694.029,694.028,694.029,26.8642,11104.5,30000100.0,30000159.0,30000084.0,83283.8,1332540.0,,,,,,,,,,,,,,,,,,,,,,,,,,,
71,23,2,success,36.26702690124512,64k,4,Get,2727.22,43635.5,91.6685,681.804,681.8,681.808,112.299,10908.9,30000200.0,30000352.0,30000036.0,81817.0,1309072.0,,,,,,,,,,,,,,,,,,,,,,,,,,,
72,24,0,success,36.26768374443054,256k,1,Get,3831.63,15326.5,65.2464,3831.63,3831.63,3831.63,0.0,15326.5,30000000.0,30000025.0,30000025.0,114949.0,459796.0,,,,,,,,,,,,,,,,,,,,,,,,,,,
73,24,1,success,36.25929355621338,256k,1,Get,3840.36,15361.5,65.098,3840.36,3840.36,3840.36,0.0,15361.5,30000000.0,30000030.0,30000030.0,115211.0,460844.0,,,,,,,,,,,,,,,,,,,,,,,,,,,
74,24,2,success,36.28628611564636,256k,1,Get,3802.26,15209.1,65.7503,3802.26,3802.26,3802.26,0.0,15209.1,30000000.0,30000031.0,30000031.0,114068.0,456272.0,,,,,,,,,,,,,,,,,,,,,,,,,,,
75,25,0,success,36.290051221847534,256k,2,Get,8613.45,34453.8,58.0487,4306.73,4306.72,4306.73,37.0,17226.9,30000200.0,30000211.0,30000137.0,258405.0,1033620.0,,,,,,,,,,,,,,,,,,,,,,,,,,,
76,25,1,success,36.25115394592285,256k,2,Get,8395.56,33582.2,59.5553,4197.78,4197.78,4197.78,7.5,16791.1,30000000.0,30000047.0,30000032.0,251867.0,1007468.0,,,,,,,,,,,,,,,,,,,,,,,,,,,
77,25,2,success,36.25808620452881,256k,2,Get,8641.96,34567.8,57.8572,4320.98,4320.97,4321.0,111.5,17283.9,30000100.0,30000243.0,30000020.0,259260.0,1037040.0,,,,,,,,,,,,,,,,,,,,,,,,,,,
78,26,0,success,36.27667212486267,256k,4,Get,11909.9,47639.7,83.9636,2977.48,2977.47,2977.49,79.8655,11909.9,30000200.0,30000323.0,30000103.0,357300.0,1429200.0,,,,,,,,,,,,,,,,,,,,,,,,,,,
79,26,1,success,36.27074646949768,256k,4,Get,11853.6,47414.6,84.3622,2963.41,2963.4,2963.41,42.5118,11853.6,30000100.0,30000214.0,30000107.0,355611.0,1422444.0,,,,,,,,,,,,,,,,,,,,,,,,,,,
80,26,2,success,36.266881465911865,256k,4,Get,11854.9,47419.4,84.3536,2963.71,2963.71,2963.73,66.4506,11854.9,30000200.0,30000237.0,30000072.0,355648.0,1422592.0,,,,,,,,,,,,,,,,,,,,,,,,,,,
81,27,0,success,36.274964332580566,1m,1,Get,2314.58,2314.58,432.044,2314.58,2314.58,2314.58,0.0,2314.58,30001200.0,30001159.0,30001159.0,69440.0,69440.0,,,,,,,,,,,,,,,,,,,,,,,,,,,
82,27,1,success,36.25873303413391,1m,1,Get,2304.75,2304.75,433.887,2304.75,2304.75,2304.75,0.0,2304.75,30000700.0,30000689.0,30000689.0,69144.0,69144.0,,,,,,,,,,,,,,,,,,,,,,,,,,,
83,27,2,success,36.274829387664795,1m,1,Get,2339.02,2339.02,427.529,2339.02,2339.02,2339.02,0.0,2339.02,30000500.0,30000539.0,30000539.0,70172.0,70172.0,,,,,,,,,,,,,,,,,,,,,,,,,,,
84,28,0,success,36.26014804840088,1m,2,Get,5824.28,5824.28,343.39,2912.14,2912.13,2912.15,109.5,2912.14,30000600.0,30000705.0,30000486.0,174732.0,174732.0,,,,,,,,,,,,,,,,,,,,,,,,,,,
85,28,1,success,36.257405519485474,1m,2,Get,5875.35,5875.35,340.405,2937.67,2937.67,2937.68,26.5,2937.67,30000600.0,30000640.0,30000587.0,176264.0,176264.0,,,,,,,,,,,,,,,,,,,,,,,,,,,
86,28,2,success,36.27114748954773,1m,2,Get,5789.56,5789.56,345.449,2894.78,2894.75,2894.81,310.5,2894.78,30000900.0,30001207.0,30000586.0,173692.0,173692.0,,,,,,,,,,,,,,,,,,,,,,,,,,,
87,29,0,success,36.272674560546875,1m,4,Get,9304.84,9304.84,429.884,2326.21,2326.16,2326.24,423.705,2326.21,30000700.0,30001406.0,30000302.0,279152.0,279152.0,,,,,,,,,,,,,,,,,,,,,,,,,,,
88,29,1,success,36.25332593917847,1m,4,Get,9189.21,9189.21,435.293,2297.3,2297.27,2297.32,272.257,2297.3,30000400.0,30000851.0,30000123.0,275680.0,275680.0,,,,,,,,,,,,,,,,,,,,,,,,,,,
89,29,2,success,36.252087116241455,1m,4,Get,9342.09,9342.09,428.17,2335.52,2335.49,2335.54,279.676,2335.52,30001000.0,30001458.0,30000723.0,280272.0,280272.0,,,,,,,,,,,,,,,,,,,,,,,,,,,
90,30,0,success,36.25663733482361,4k,1,PutGet,,,,,,,,,,,,,,,,,,,,,,,,,,,6.91644,1770.61,564.777,6.91644,6.91644,6.91644,0.0,1770.61,30001000.0,30000963.0,30000963.0,207.5,53120.0,
91,30,1,success,36.27463412284851,4k,1,PutGet,,,,,,,,,,,,,,,,,,,,,,,,,,,6.99622,1791.03,558.338,6.99622,6.99622,6.99622,0.0,1791.03,30000600.0,30000594.0,30000594.0,209.891,53732.0,
92,30,2,success,36.26757788658142,4k,1,PutGet,,,,,,,,,,,,,,,,,,,,,,,,,,,6.97059,1784.47,560.39,6.97059,6.97059,6.97059,0.0,1784.47,30001100.0,30001053.0,30001053.0,209.125,53536.0,
93,31,0,success,36.27597784996033,4k,2,PutGet,,,,,,,,,,,,,,,,,,,,,,,,,,,7.48563,1916.32,1043.67,3.74282,3.7428,3.74283,96.5,958.161,30001200.0,30001320.0,30001127.0,224.578,57492.0,
94,31,1,success,36.27754235267639,4k,2,PutGet,,,,,,,,,,,,,,,,,,,,,,,,,,,7.52496,1926.39,1038.21,3.76248,3.76248,3.76248,12.5,963.194,30000200.0,30000186.0,30000161.0,225.75,57792.0,
95,31,2,success,36.27309608459473,4k,2,PutGet,,,,,,,,,,,,,,,,,,,,,,,,,,,7.48657,1916.56,1043.54,3.74328,3.74327,3.7433,115.0,958.281,30001600.0,30001755.0,30001525.0,224.609,57500.0,
96,32,0,success,36.27639389038086,4k,4,PutGet,,,,,,,,,,,,,,,,,,,,,,,,,,,7.60583,1947.09,2054.35,1.90146,1.90145,1.90147,82.0747,486.773,30003700.0,30003804.0,30003588.0,228.203,58420.0,
97,32,1,success,36.27751350402832,4k,4,PutGet,,,,,,,,,,,,,,,,,,,,,,,,,,,7.68836,1968.22,2032.29,1.92209,1.92208,1.92211,170.773,492.055,30000700.0,30000894.0,30000455.0,230.656,59048.0,
98,32,2,success,36.27393054962158,4k,4,PutGet,,,,,,,,,,,,,,,,,,,,,,,,,,,7.57566,1939.37,2062.53,1.89392,1.8939,1.89393,162.043,484.842,30001500.0,30001742.0,30001284.0,227.281,58184.0,
99,33,0,success,36.31272792816162,16k,1,PutGet,,,,,,,,,,,,,,,,,,,,,,,,,,,26.9966,1727.78,578.777,26.9966,26.9966,26.9966,0.0,1727.78,30001500.0,30001498.0,30001498.0,809.938,51836.0,
100,33,1,success,36.29206418991089,16k,1,PutGet,,,,,,,,,,,,,,,,,,,,,,,,,,,26.7998,1715.18,583.028,26.7998,26.7998,26.7998,0.0,1715.18,30000300.0,30000275.0,30000275.0,804.0,51456.0,
101,33,2,success,36.27009654045105,16k,1,PutGet,,,,,,,,,,,,,,,,,,,,,,,,,,,27.0149,1728.95,578.385,27.0149,27.0149,27.0149,0.0,1728.95,30002000.0,30001979.0,30001979.0,810.5,51872.0,
102,34,0,success,36.27474308013916,16k,2,PutGet,,,,,,,,,,,,,,,,,,,,,,,,,,,28.8951,1849.29,1081.5,14.4475,14.4475,14.4476,172.5,924.643,30000800.0,30000950.0,30000605.0,866.875,55480.0,
103,34,1,success,36.27913498878479,16k,2,PutGet,,,,,,,,,,,,,,,,,,,,,,,,,,,29.2876,1874.41,1067.0,14.6438,14.6437,14.6439,149.0,937.203,30002000.0,30002180.0,30001882.0,878.688,56236.0,
104,34,2,success,36.27157258987427,16k,2,PutGet,,,,,,,,,,,,,,,,,,,,,,,,,,,28.9402,1852.17,1079.81,14.4701,14.47,14.4702,137.5,926.086,30001500.0,30001662.0,30001387.0,868.25,55568.0,
105,35,0,success,36.275062561035156,16k,4,PutGet,,,,,,,,,,,,,,,,,,,,,,,,,,,30.2531,1936.2,2065.91,7.56326,7.56323,7.56328,74.1025,484.049,30001100.0,30001224.0,30001025.0,907.625,58088.0,
106,35,1,success,36.31036853790283,16k,4,PutGet,,,,,,,,,,,,,,,,,,,,,,,,,,,30.7783,1969.81,2030.65,7.69459,7.69453,7.69465,181.971,492.454,30002800.0,30003054.0,30002589.0,923.438,59100.0,
107,35,2,success,36.27086663246155,16k,4,PutGet,,,,,,,,,,,,,,,,,,,,,,,,,,,29.5587,1891.76,2114.44,7.38967,7.38963,7.38975,189.094,472.939,30001700.0,30001913.0,30001451.0,886.812,56756.0,
108,36,0,success,36.27176785469055,64k,1,PutGet,,,,,,,,,,,,,,,,,,,,,,,,,,,95.7351,1531.76,652.843,95.7351,95.7351,95.7351,0.0,1531.76,30002100.0,30002058.0,30002058.0,2872.25,45956.0,
109,36,1,success,36.29050040245056,64k,1,PutGet,,,,,,,,,,,,,,,,,,,,,,,,,,,94.3877,1510.2,662.162,94.3877,94.3877,94.3877,0.0,1510.2,30001300.0,30001257.0,30001257.0,2831.75,45308.0,
110,36,2,success,36.28555727005005,64k,1,PutGet,,,,,,,,,,,,,,,,,,,,,,,,,,,94.7982,1516.77,659.295,94.7982,94.7982,94.7982,0.0,1516.77,30000600.0,30000563.0,30000563.0,2844.0,45504.0,
111,37,0,success,36.283899784088135,64k,2,PutGet,,,,,,,,,,,,,,,,,,,,,,,,,,,107.178,1714.84,1166.29,53.5888,53.5885,53.5891,191.0,857.421,30001600.0,30001794.0,30001412.0,3215.5,51448.0,
112,37,1,success,36.28230571746826,64k,2,PutGet,,,,,,,,,,,,,,,,,,,,,,,,,,,105.659,1690.55,1183.05,52.8297,52.8294,52.83,166.5,845.275,30002100.0,30002223.0,30001890.0,3170.0,50720.0,
113,37,2,success,36.28074502944946,64k,2,PutGet,,,,,,,,,,,,,,,,,,,,,,,,,,,105.314,1685.02,1186.93,52.6569,52.6566,52.6571,138.0,842.51,30000800.0,30000973.0,30000697.0,3159.5,50552.0,
114,38,0,success,36.29268479347229,64k,4,PutGet,,,,,,,,,,,,,,,,,,,,,,,,,,,116.473,1863.56,2146.43,29.1181,29.1178,29.1184,267.4,465.89,30002800.0,30003174.0,30002506.0,3494.5,55912.0,
115,38,1,success,36.27205967903137,64k,4,PutGet,,,,,,,,,,,,,,,,,,,,,,,,,,,113.615,1817.84,2200.41,28.4038,28.4037,28.404,123.484,454.461,30000400.0,30000493.0,30000173.0,3408.5,54536.0,
116,38,2,success,36.27839398384094,64k,4,PutGet,,,,,,,,,,,,,,,,,,,,,,,,,,,112.102,1793.63,2230.11,28.0255,28.0253,28.0257,164.434,448.409,30001700.0,30001913.0,30001483.0,3363.25,53812.0,
117,39,0,success,36.283854722976685,256k,1,PutGet,,,,,,,,,,,,,,,,,,,,,,,,,,,293.714,1174.86,851.169,293.714,293.714,293.714,0.0,1174.86,30002000.0,30001990.0,30001990.0,8812.0,35248.0,
118,39,1,success,36.275683641433716,256k,1,PutGet,,,,,,,,,,,,,,,,,,,,,,,,,,,281.479,1125.92,888.164,281.479,281.479,281.479,0.0,1125.92,30002200.0,30002192.0,30002192.0,8445.0,33780.0,
119,39,2,success,36.26079559326172,256k,1,PutGet,,,,,,,,,,,,,,,,,,,,,,,,,,,298.182,1192.73,838.414,298.182,298.182,298.182,0.0,1192.73,30001800.0,30001801.0,30001801.0,8946.0,35784.0,
120,40,0,success,36.26598501205444,256k,2,PutGet,,,,,,,,,,,,,,,,,,,,,,,,,,,333.215,1332.86,1500.53,166.608,166.605,166.61,492.5,666.43,30001600.0,30002130.0,30001145.0,9997.0,39988.0,
121,40,1,success,36.34050226211548,256k,2,PutGet,,,,,,,,,,,,,,,,,,,,,,,,,,,331.57,1326.28,1507.98,165.785,165.784,165.786,228.5,663.14,30002700.0,30002925.0,30002468.0,9948.0,39792.0,
122,40,2,success,36.25914287567139,256k,2,PutGet,,,,,,,,,,,,,,,,,,,,,,,,,,,329.326,1317.31,1518.25,164.663,164.661,164.665,383.0,658.653,30003700.0,30004042.0,30003276.0,9881.0,39524.0,
123,41,0,success,36.26118731498718,256k,4,PutGet,,,,,,,,,,,,,,,,,,,,,,,,,,,373.186,1492.74,2679.63,93.2965,93.2839,93.3066,2648.13,373.186,30003800.0,30007870.0,30000556.0,11197.0,44788.0,
124,41,1,success,36.28530812263489,256k,4,PutGet,,,,,,,,,,,,,,,,,,,,,,,,,,,385.526,1542.1,2593.86,96.3816,96.3784,96.3866,953.406,385.526,30003100.0,30004138.0,30001572.0,11567.0,46268.0,
125,41,2,success,36.31239295005798,256k,4,PutGet,,,,,,,,,,,,,,,,,,,,,,,,,,,387.675,1550.7,2579.48,96.9187,96.915,96.9246,1111.63,387.675,30002000.0,30003098.0,30000121.0,11631.0,46524.0,
126,42,0,success,36.263331174850464,1m,1,PutGet,,,,,,,,,,,,,,,,,,,,,,,,,,,386.096,386.096,2590.03,386.096,386.096,386.096,0.0,386.096,30002900.0,30002932.0,30002932.0,11584.0,11584.0,
127,42,1,success,36.27107858657837,1m,1,PutGet,,,,,,,,,,,,,,,,,,,,,,,,,,,402.953,402.953,2481.68,402.953,402.953,402.953,0.0,402.953,30008500.0,30008451.0,30008451.0,12092.0,12092.0,
128,42,2,success,36.28709149360657,1m,1,PutGet,,,,,,,,,,,,,,,,,,,,,,,,,,,410.786,410.786,2434.36,410.786,410.786,410.786,0.0,410.786,30001100.0,30001058.0,30001058.0,12324.0,12324.0,
129,43,0,success,36.26305294036865,1m,2,PutGet,,,,,,,,,,,,,,,,,,,,,,,,,,,454.295,454.295,4402.42,227.148,227.129,227.166,2464.0,227.148,30006900.0,30009382.0,30004454.0,13632.0,13632.0,
130,43,1,success,36.289480686187744,1m,2,PutGet,,,,,,,,,,,,,,,,,,,,,,,,,,,463.709,463.709,4313.05,231.855,231.835,231.874,2523.5,231.855,30010200.0,30012704.0,30007657.0,13916.0,13916.0,
131,43,2,success,36.25740027427673,1m,2,PutGet,,,,,,,,,,,,,,,,,,,,,,,,,,,449.104,449.104,4453.31,224.552,224.53,224.575,2992.0,224.552,30006400.0,30009387.0,30003403.0,13476.0,13476.0,
132,44,0,success,36.27306890487671,1m,4,PutGet,,,,,,,,,,,,,,,,,,,,,,,,,,,603.493,603.493,6628.08,150.873,150.84,150.906,4602.41,150.873,30011900.0,30018490.0,30005474.0,18112.0,18112.0,
133,44,1,success,36.29398274421692,1m,4,PutGet,,,,,,,,,,,,,,,,,,,,,,,,,,,597.007,597.007,6700.09,149.252,149.206,149.292,6208.93,149.252,30009700.0,30018929.0,30001546.0,17916.0,17916.0,
134,44,2,success,36.27137088775635,1m,4,PutGet,,,,,,,,,,,,,,,,,,,,,,,,,,,553.233,553.233,7230.23,138.308,138.277,138.336,4687.03,138.308,30012700.0,30019508.0,30006592.0,16604.0,16604.0,
