run_idx,combination_idx,repeat_idx,status,runtime,cte_bench_timed.io_size,cte_bench_timed.num_threads,cte_bench_timed.put.agg_bw_mbps,cte_bench_timed.put.agg_ops_per_sec,cte_bench_timed.put.avg_latency_per_op_us,cte_bench_timed.put.bw_per_thread_avg_mbps,cte_bench_timed.put.bw_per_thread_max_mbps,cte_bench_timed.put.bw_per_thread_min_mbps,cte_bench_timed.put.latency_stddev_us,cte_bench_timed.put.ops_per_thread_avg_per_sec,cte_bench_timed.put.time_avg_us,cte_bench_timed.put.time_max_us,cte_bench_timed.put.time_min_us,cte_bench_timed.put.total_data_mb,cte_bench_timed.put.total_ops,error
0,0,0,success,37.33864140510559,4k,1,16.053,4109.57,243.335,16.053,16.053,16.053,0.0,4109.57,30001200.0,30001207.0,30001207.0,481.609,123292.0,
1,0,1,success,37.35640740394592,4k,1,15.5442,3979.31,251.3,15.5442,15.5442,15.5442,0.0,3979.31,30000200.0,30000175.0,30000175.0,466.328,119380.0,
2,0,2,success,37.15555953979492,4k,1,16.9487,4338.87,230.475,16.9487,16.9487,16.9487,0.0,4338.87,30000400.0,30000411.0,30000411.0,508.469,130168.0,
3,1,0,success,37.13290095329285,4k,2,14.9019,3814.89,524.261,7.45096,7.45093,7.45099,128.0,1907.45,30000300.0,30000444.0,30000188.0,447.062,114448.0,
4,1,1,success,37.15139389038086,4k,2,14.3247,3667.11,545.388,7.16233,7.16231,7.16235,86.0,1833.56,30000700.0,30000790.0,30000618.0,429.75,110016.0,
5,1,2,success,37.14706254005432,4k,2,14.6289,3744.99,534.047,7.31443,7.3144,7.31445,93.5,1872.49,30000600.0,30000734.0,30000547.0,438.875,112352.0,
6,2,0,success,37.15527081489563,4k,4,13.8653,3549.52,1126.91,3.46633,3.46631,3.46635,135.365,887.381,30000600.0,30000840.0,30000459.0,415.969,106488.0,
7,2,1,success,37.142197608947754,4k,4,12.7748,3270.35,1223.11,3.1937,3.19367,3.19372,173.555,817.586,30000500.0,30000758.0,30000326.0,383.25,98112.0,
8,2,2,success,37.14188528060913,4k,4,13.4367,3439.79,1162.86,3.35917,3.35914,3.35919,164.592,859.947,30000700.0,30000898.0,30000521.0,403.109,103196.0,
9,3,0,success,37.26270318031311,16k,1,88.5296,5665.9,176.495,88.5296,88.5296,88.5296,0.0,5665.9,30000500.0,30000544.0,30000544.0,2655.94,169980.0,
10,3,1,success,37.249207973480225,16k,1,90.9621,5821.58,171.775,90.9621,90.9621,90.9621,0.0,5821.58,30000100.0,30000116.0,30000116.0,2728.88,174648.0,
11,3,2,success,37.13311433792114,16k,1,95.1618,6090.36,164.194,95.1618,95.1618,95.1618,0.0,6090.36,30000200.0,30000213.0,30000213.0,2854.88,182712.0,
12,4,0,success,37.12926697731018,16k,2,90.3832,5784.53,345.75,45.1916,45.1912,45.192,262.0,2892.26,30000700.0,30000995.0,30000471.0,2711.56,173540.0,
13,4,1,success,37.166996002197266,16k,2,89.7242,5742.35,348.29,44.8621,44.8617,44.8625,246.0,2871.17,30000300.0,30000513.0,30000021.0,2691.75,172272.0,
14,4,2,success,37.14340567588806,16k,2,89.6789,5739.45,348.465,44.8395,44.839,44.8399,307.0,2869.73,30000800.0,30001077.0,30000463.0,2690.44,172188.0,
15,5,0,success,37.15441107749939,16k,4,73.0974,4678.23,855.024,18.2743,18.2734,18.2755,1320.46,1169.56,30002800.0,30004301.0,30000897.0,2193.12,140360.0,
16,5,1,success,36.18983435630798,16k,4,71.6801,4587.52,871.93,17.92,17.9195,17.9205,658.131,1146.88,30001400.0,30002265.0,30000483.0,2150.5,137632.0,
17,5,2,success,37.14223504066467,16k,4,72.1854,4619.86,865.826,18.0463,18.045,18.0476,1626.77,1154.97,30003500.0,30005704.0,30001347.0,2165.81,138612.0,
18,6,0,success,37.13893246650696,64k,1,410.793,6572.69,152.145,410.793,410.793,410.793,0.0,6572.69,30000500.0,30000512.0,30000512.0,12324.0,197184.0,
19,6,1,success,37.15491199493408,64k,1,408.067,6529.07,153.161,408.067,408.067,408.067,0.0,6529.07,30000000.0,30000005.0,30000005.0,12242.0,195872.0,
20,6,2,success,37.134819746017456,64k,1,407.293,6516.69,153.452,407.293,407.293,407.293,0.0,6516.69,30000500.0,30000522.0,30000522.0,12219.0,195504.0,
21,7,0,success,37.13017773628235,64k,2,382.054,6112.87,327.179,191.027,191.025,191.029,267.0,3056.43,30000300.0,30000589.0,30000055.0,11461.8,183388.0,
22,7,1,success,37.13412117958069,64k,2,382.462,6119.39,326.83,191.231,191.229,191.233,281.0,3059.69,30000400.0,30000681.0,30000119.0,11474.0,183584.0,
23,7,2,success,37.14521503448486,64k,2,368.885,5902.17,338.859,184.443,184.441,184.444,266.0,2951.08,30000500.0,30000780.0,30000248.0,11066.8,177068.0,
24,8,0,success,37.12902903556824,64k,4,314.338,5029.41,795.323,78.5845,78.5821,78.5868,657.308,1257.35,30001200.0,30002044.0,30000278.0,9430.5,150888.0,
25,8,1,success,37.145559549331665,64k,4,309.43,4950.88,807.937,77.3576,77.3546,77.3615,986.57,1237.72,30001900.0,30003051.0,30000390.0,9283.5,148536.0,
26,8,2,success,36.22640347480774,64k,4,308.454,4935.27,810.493,77.1136,77.1113,77.1159,673.416,1233.82,30001200.0,30002101.0,30000282.0,9254.0,148064.0,
27,9,0,success,37.13685703277588,256k,1,1664.63,6658.52,150.184,1664.63,1664.63,1664.63,0.0,6658.52,30000700.0,30000664.0,30000664.0,49940.0,199760.0,
28,9,1,success,37.140968799591064,256k,1,1677.55,6710.19,149.027,1677.55,1677.55,1677.55,0.0,6710.19,30000400.0,30000352.0,30000352.0,50327.0,201308.0,
29,9,2,success,37.14147114753723,256k,1,1659.36,6637.46,150.66,1659.36,1659.36,1659.36,0.0,6637.46,30000000.0,30000039.0,30000039.0,49781.0,199124.0,
30,10,0,success,37.1412398815155,256k,2,1584.79,6339.17,315.499,792.396,792.388,792.403,277.0,3169.58,30000800.0,30001069.0,30000515.0,47545.0,190180.0,
31,10,1,success,37.138049602508545,256k,2,1545.57,6182.27,323.506,772.784,772.767,772.802,677.0,3091.14,30001900.0,30002582.0,30001228.0,46370.0,185480.0,
32,10,2,success,37.147921085357666,256k,2,1511.41,6045.62,330.818,755.703,755.696,755.709,263.0,3022.81,30000600.0,30000817.0,30000291.0,45343.0,181372.0,
33,11,0,success,37.16081762313843,256k,4,1303.61,5214.45,767.099,325.903,325.893,325.913,683.132,1303.61,30001200.0,30002148.0,30000324.0,39110.0,156440.0,
34,11,1,success,37.14179468154907,256k,4,1263.24,5052.96,791.615,315.81,315.798,315.826,991.191,1263.24,30002200.0,30003325.0,30000661.0,37900.0,151600.0,
35,11,2,success,37.13988518714905,256k,4,1301.46,5205.83,768.369,325.364,325.355,325.374,659.201,1301.46,30001000.0,30001839.0,30000057.0,39045.0,156180.0,
36,12,0,success,37.14736866950989,1m,1,6685.63,6685.63,149.574,6685.63,6685.63,6685.63,0.0,6685.63,30000500.0,30000456.0,30000456.0,200572.0,200572.0,
37,12,1,success,37.1422815322876,1m,1,6596.03,6596.03,151.606,6596.03,6596.03,6596.03,0.0,6596.03,30000500.0,30000478.0,30000478.0,197884.0,197884.0,
38,12,2,success,37.1367027759552,1m,1,6538.42,6538.42,152.942,6538.42,6538.42,6538.42,0.0,6538.42,30000500.0,30000504.0,30000504.0,196156.0,196156.0,
39,13,0,success,36.22893285751343,1m,2,6261.44,6261.44,319.415,3130.72,3130.7,3130.75,245.5,3130.72,30000700.0,30000995.0,30000504.0,187848.0,187848.0,
40,13,1,success,37.14314937591553,1m,2,6021.3,6021.3,332.154,3010.65,3010.62,3010.68,322.5,3010.65,30001500.0,30001832.0,30001187.0,180648.0,180648.0,
41,13,2,success,37.13717770576477,1m,2,6270.42,6270.42,318.958,3135.21,3135.18,3135.24,268.0,3135.21,30000500.0,30000799.0,30000263.0,188116.0,188116.0,
42,14,0,success,37.14647626876831,1m,4,5065.9,5065.9,789.594,1266.47,1266.44,1266.51,636.227,1266.47,30001400.0,30002250.0,30000539.0,151984.0,151984.0,
43,14,1,success,37.14251518249512,1m,4,5096.62,5096.62,784.834,1274.16,1274.08,1274.23,1282.33,1274.16,30001800.0,30003562.0,30000139.0,152908.0,152908.0,
44,14,2,success,37.142369747161865,1m,4,5062.06,5062.06,790.192,1265.52,1265.47,1265.56,698.254,1265.52,30001200.0,30002184.0,30000232.0,151868.0,151868.0,
