run_idx,combination_idx,repeat_idx,status,runtime,cte_bench_timed.io_size,cte_bench_timed.num_threads,cte_bench_timed.get.agg_bw_mbps,cte_bench_timed.get.agg_ops_per_sec,cte_bench_timed.get.avg_latency_per_op_us,cte_bench_timed.get.bw_per_thread_avg_mbps,cte_bench_timed.get.bw_per_thread_max_mbps,cte_bench_timed.get.bw_per_thread_min_mbps,cte_bench_timed.get.latency_stddev_us,cte_bench_timed.get.ops_per_thread_avg_per_sec,cte_bench_timed.get.time_avg_us,cte_bench_timed.get.time_max_us,cte_bench_timed.get.time_min_us,cte_bench_timed.get.total_data_mb,cte_bench_timed.get.total_ops,cte_bench_timed.put.agg_bw_mbps,cte_bench_timed.put.agg_ops_per_sec,cte_bench_timed.put.avg_latency_per_op_us,cte_bench_timed.put.bw_per_thread_avg_mbps,cte_bench_timed.put.bw_per_thread_max_mbps,cte_bench_timed.put.bw_per_thread_min_mbps,cte_bench_timed.put.latency_stddev_us,cte_bench_timed.put.ops_per_thread_avg_per_sec,cte_bench_timed.put.time_avg_us,cte_bench_timed.put.time_max_us,cte_bench_timed.put.time_min_us,cte_bench_timed.put.total_data_mb,cte_bench_timed.put.total_ops,cte_bench_timed.putget.agg_bw_mbps,cte_bench_timed.putget.agg_ops_per_sec,cte_bench_timed.putget.avg_latency_per_op_us,cte_bench_timed.putget.bw_per_thread_avg_mbps,cte_bench_timed.putget.bw_per_thread_max_mbps,cte_bench_timed.putget.bw_per_thread_min_mbps,cte_bench_timed.putget.latency_stddev_us,cte_bench_timed.putget.ops_per_thread_avg_per_sec,cte_bench_timed.putget.time_avg_us,cte_bench_timed.putget.time_max_us,cte_bench_timed.putget.time_min_us,cte_bench_timed.putget.total_data_mb,cte_bench_timed.putget.total_ops,error
0,0,0,success,37.15736985206604,4k,1,,,,,,,,,,,,,,,,,,,,,,,,,,,13.2904,3402.34,293.915,13.2904,13.2904,13.2904,0.0,3402.34,30000500.0,30000538.0,30000538.0,398.719,102072.0,
1,0,1,success,37.14621877670288,4k,1,,,,,,,,,,,,,,,,,,,,,,,,,,,12.4007,3174.58,315.002,12.4007,12.4007,12.4007,0.0,3174.58,30000800.0,30000799.0,30000799.0,372.031,95240.0,
2,0,2,success,37.169875144958496,4k,1,,,,,,,,,,,,,,,,,,,,,,,,,,,13.3784,3424.87,291.981,13.3784,13.3784,13.3784,0.0,3424.87,30000500.0,30000511.0,30000511.0,401.359,102748.0,
3,0,3,success,37.26967716217041,4k,1,,,,,,,,,,,,,,,,,,,,,,,,,,,12.7617,3266.98,306.093,12.7617,12.7617,12.7617,0.0,3266.98,30005700.0,30005669.0,30005669.0,382.922,98028.0,
4,1,0,success,37.145243406295776,4k,2,,,,,,,,,,,,,,,,,,,,,,,,,,,14.3591,3675.93,544.079,7.17956,7.17956,7.17956,9.5,1837.97,30000500.0,30000542.0,30000523.0,430.781,110280.0,
5,1,1,success,37.14777135848999,4k,2,,,,,,,,,,,,,,,,,,,,,,,,,,,15.3735,3935.62,508.179,7.68675,7.68674,7.68677,68.0,1967.81,30000900.0,30000943.0,30000807.0,461.219,118072.0,
6,1,2,success,37.16963171958923,4k,2,,,,,,,,,,,,,,,,,,,,,,,,,,,12.6312,3233.59,618.507,6.31561,6.31561,6.31561,9.5,1616.8,30000100.0,30000072.0,30000053.0,378.938,97008.0,
7,1,3,success,37.13101291656494,4k,2,,,,,,,,,,,,,,,,,,,,,,,,,,,14.0116,3586.98,557.572,7.00582,7.00581,7.00583,33.5,1793.49,30000700.0,30000767.0,30000700.0,420.359,107612.0,
8,2,0,success,37.146833658218384,4k,4,,,,,,,,,,,,,,,,,,,,,,,,,,,11.3817,2913.7,1372.82,2.84541,2.84538,2.84545,242.426,728.426,30001700.0,30001983.0,30001313.0,341.469,87416.0,
9,2,1,success,37.14380073547363,4k,4,,,,,,,,,,,,,,,,,,,,,,,,,,,11.5233,2949.96,1355.95,2.88082,2.8808,2.88084,172.889,737.49,30000400.0,30000646.0,30000178.0,345.703,88500.0,
10,2,2,success,37.13604688644409,4k,4,,,,,,,,,,,,,,,,,,,,,,,,,,,11.5939,2968.04,1347.69,2.89848,2.89846,2.8985,156.328,742.01,30000900.0,30001101.0,30000687.0,347.828,89044.0,
11,2,3,success,37.13115453720093,4k,4,,,,,,,,,,,,,,,,,,,,,,,,,,,11.8599,3036.13,1317.47,2.96497,2.96496,2.965,187.09,759.033,30001300.0,30001459.0,30001023.0,355.812,91088.0,
12,3,0,success,17.13530969619751,16k,1,,,,,,,,,,,,,,,,,,,,,,,,,,,74.2784,4753.82,210.357,74.2784,74.2784,74.2784,0.0,4753.82,30000300.0,30000301.0,30000301.0,2228.38,142616.0,
13,3,1,success,19.184956789016724,16k,1,,,,,,,,,,,,,,,,,,,,,,,,,,,83.2712,5329.36,187.64,83.2712,83.2712,83.2712,0.0,5329.36,30000600.0,30000606.0,30000606.0,2498.19,159884.0,
14,3,2,success,17.12672257423401,16k,1,,,,,,,,,,,,,,,,,,,,,,,,,,,85.2455,5455.71,183.294,85.2455,85.2455,85.2455,0.0,5455.71,30000100.0,30000124.0,30000124.0,2557.38,163672.0,
15,3,3,success,16.12403655052185,16k,1,,,,,,,,,,,,,,,,,,,,,,,,,,,80.7319,5166.84,193.542,80.7319,80.7319,80.7319,0.0,5166.84,30000500.0,30000537.0,30000537.0,2422.0,155008.0,
16,4,0,success,16.11986207962036,16k,2,,,,,,,,,,,,,,,,,,,,,,,,,,,80.5557,5155.57,387.93,40.2779,40.2778,40.2779,6.5,2577.78,30000200.0,30000209.0,30000196.0,2416.69,154668.0,
17,4,1,success,17.13862109184265,16k,2,,,,,,,,,,,,,,,,,,,,,,,,,,,82.354,5270.66,379.459,41.177,41.177,41.177,14.0,2635.33,30000800.0,30000833.0,30000805.0,2470.69,158124.0,
18,4,2,success,16.135297536849976,16k,2,,,,,,,,,,,,,,,,,,,,,,,,,,,80.5588,5155.77,387.915,40.2794,40.2794,40.2794,18.5,2577.88,30000600.0,30000606.0,30000569.0,2416.81,154676.0,
19,4,3,success,18.125738620758057,16k,2,,,,,,,,,,,,,,,,,,,,,,,,,,,83.2763,5329.68,375.257,41.6381,41.6381,41.6382,10.5,2664.84,30000300.0,30000299.0,30000278.0,2498.31,159892.0,
20,5,0,success,19.130975484848022,16k,4,,,,,,,,,,,,,,,,,,,,,,,,,,,67.365,4311.36,927.782,16.8412,16.8412,16.8413,42.3704,1077.84,30003500.0,30003561.0,30003458.0,2021.19,129356.0,
21,5,1,success,19.13542366027832,16k,4,,,,,,,,,,,,,,,,,,,,,,,,,,,64.4,4121.6,970.498,16.1,16.1,16.1,7.72577,1030.4,30000000.0,30000033.0,30000012.0,1932.0,123648.0,
22,5,2,success,19.125848293304443,16k,4,,,,,,,,,,,,,,,,,,,,,,,,,,,57.5816,3685.22,1085.42,14.3954,14.3953,14.3955,108.197,921.306,30000900.0,30001080.0,30000788.0,1727.5,110560.0,
23,5,3,success,20.133355379104614,16k,4,,,,,,,,,,,,,,,,,,,,,,,,,,,62.4092,3994.19,1001.45,15.6023,15.6023,15.6023,37.9959,998.548,30003600.0,30003641.0,30003547.0,1872.5,119840.0,
24,6,0,success,10.132806062698364,64k,1,,,,,,,,,,,,,,,,,,,,,,,,,,,356.99,5711.84,175.075,356.99,356.99,356.99,0.0,5711.84,30001600.0,30001559.0,30001559.0,10710.2,171364.0,
25,6,1,success,10.134907007217407,64k,1,,,,,,,,,,,,,,,,,,,,,,,,,,,378.402,6054.43,165.168,378.402,378.402,378.402,0.0,6054.43,30000500.0,30000535.0,30000535.0,11352.2,181636.0,
26,6,2,success,10.134325742721558,64k,1,,,,,,,,,,,,,,,,,,,,,,,,,,,382.29,6116.65,163.488,382.29,382.29,382.29,0.0,6116.65,30000100.0,30000106.0,30000106.0,11468.8,183500.0,
27,6,3,success,10.124468326568604,64k,1,,,,,,,,,,,,,,408.964,6543.42,152.825,408.964,408.964,408.964,0.0,6543.42,30000200.0,30000210.0,30000210.0,12269.0,196304.0,,,,,,,,,,,,,,
28,7,0,success,10.139837980270386,64k,2,,,,,,,,,,,,,,386.929,6190.86,323.057,193.464,193.462,193.466,311.5,3095.43,30001000.0,30001301.0,30000678.0,11608.2,185732.0,,,,,,,,,,,,,,
29,7,1,success,10.123297929763794,64k,2,,,,,,,,,,,,,,375.082,6001.3,333.261,187.541,187.539,187.543,298.0,3000.65,30001500.0,30001776.0,30001180.0,11253.0,180048.0,,,,,,,,,,,,,,
30,7,2,success,11.147120475769043,64k,2,,,,,,,,,,,,,,388.816,6221.06,321.489,194.408,194.406,194.41,280.0,3110.53,30000700.0,30000962.0,30000402.0,11664.8,186636.0,,,,,,,,,,,,,,
31,7,3,success,10.139579772949219,64k,2,,,,,,,,,,,,,,400.983,6415.74,311.734,200.492,200.49,200.494,263.5,3207.87,30000600.0,30000875.0,30000348.0,12029.8,192476.0,,,,,,,,,,,,,,
32,8,0,success,10.237127780914307,64k,4,,,,,,,,,,,,,,318.64,5098.24,784.585,79.66,79.6576,79.6624,677.019,1274.56,30000900.0,30001848.0,30000045.0,9559.5,152952.0,,,,,,,,,,,,,,
33,8,1,success,10.203535318374634,64k,4,,,,,,,,,,,,,,314.543,5032.69,794.804,78.6357,78.6302,78.6415,1592.38,1258.17,30002300.0,30004372.0,30000069.0,9437.0,150992.0,,,,,,,,,,,,,,
34,8,2,success,10.155831336975098,64k,4,,,,,,,,,,,,,,312.755,5004.08,799.348,78.1887,78.1858,78.193,1052.84,1251.02,30002700.0,30003841.0,30001070.0,9383.5,150136.0,,,,,,,,,,,,,,
35,8,3,success,10.119650602340698,64k,4,,,,,,,,,,,,,,323.564,5177.03,772.644,80.8911,80.8879,80.8953,1017.5,1294.26,30002500.0,30003702.0,30000967.0,9707.75,155324.0,,,,,,,,,,,,,,
36,9,0,success,7.123649835586548,256k,1,,,,,,,,,,,,,,1728.44,6913.78,144.639,1728.44,1728.44,1728.44,0.0,6913.78,30000400.0,30000391.0,30000391.0,51854.0,207416.0,,,,,,,,,,,,,,
37,9,1,success,7.120084047317505,256k,1,,,,,,,,,,,,,,1705.07,6820.26,146.622,1705.07,1705.07,1705.07,0.0,6820.26,30000000.0,30000025.0,30000025.0,51152.0,204608.0,,,,,,,,,,,,,,
38,9,2,success,7.1344523429870605,256k,1,,,,,,,,,,,,,,1667.61,6670.45,149.915,1667.61,1667.61,1667.61,0.0,6670.45,30000400.0,30000362.0,30000362.0,50029.0,200116.0,,,,,,,,,,,,,,
39,9,3,success,7.1391825675964355,256k,1,,,,,,,,,,,,,,1732.28,6929.12,144.319,1732.28,1732.28,1732.28,0.0,6929.12,30000400.0,30000359.0,30000359.0,51969.0,207876.0,,,,,,,,,,,,,,
40,10,0,success,7.136033535003662,256k,2,,,,,,,,,,,,,,1622.77,6491.1,308.114,811.387,811.379,811.395,289.5,3245.55,30000500.0,30000774.0,30000195.0,48684.0,194736.0,,,,,,,,,,,,,,
41,10,1,success,7.167257308959961,256k,2,,,,,,,,,,,,,,1610.35,6441.39,310.492,805.173,805.166,805.18,261.5,3220.69,30000400.0,30000639.0,30000116.0,48311.0,193244.0,,,,,,,,,,,,,,
42,10,2,success,7.1349406242370605,256k,2,,,,,,,,,,,,,,1613.86,6455.46,309.815,806.932,806.925,806.939,263.0,3227.73,30000700.0,30000919.0,30000393.0,48417.0,193668.0,,,,,,,,,,,,,,
43,10,3,success,7.137624502182007,256k,2,,,,,,,,,,,,,,1609.17,6436.68,310.719,804.585,804.578,804.592,250.5,3218.34,30000600.0,30000804.0,30000303.0,48276.0,193104.0,,,,,,,,,,,,,,
44,11,0,success,7.12994122505188,256k,4,,,,,,,,,,,,,,1334.21,5336.85,749.506,333.553,333.544,333.561,611.216,1334.21,30001200.0,30002072.0,30000507.0,40028.0,160112.0,,,,,,,,,,,,,,
45,11,1,success,7.1316750049591064,256k,4,,,,,,,,,,,,,,1317.74,5270.98,758.872,329.436,329.424,329.449,845.679,1317.74,30001300.0,30002380.0,30000087.0,39534.0,158136.0,,,,,,,,,,,,,,
46,11,2,success,7.135858058929443,256k,4,,,,,,,,,,,,,,1335.61,5342.43,748.723,333.902,333.892,333.912,666.389,1335.61,30001300.0,30002188.0,30000398.0,40070.0,160280.0,,,,,,,,,,,,,,
47,11,3,success,7.125312566757202,256k,4,,,,,,,,,,,,,,1296.36,5185.45,771.389,324.091,324.085,324.1,558.631,1296.36,30000900.0,30001366.0,30000005.0,38892.0,155568.0,,,,,,,,,,,,,,
48,12,0,success,7.131894111633301,1m,1,,,,,,,,,,,,,,6698.31,6698.31,149.291,6698.31,6698.31,6698.31,0.0,6698.31,30000400.0,30000395.0,30000395.0,200952.0,200952.0,,,,,,,,,,,,,,
49,12,1,success,8.131632804870605,1m,1,,,,,,,,,,,,,,6816.54,6816.54,146.702,6816.54,6816.54,6816.54,0.0,6816.54,30000500.0,30000537.0,30000537.0,204500.0,204500.0,,,,,,,,,,,,,,
50,12,2,success,8.149952411651611,1m,1,,,,,,,,,,,,,,6784.86,6784.86,147.387,6784.86,6784.86,6784.86,0.0,6784.86,30000300.0,30000338.0,30000338.0,203548.0,203548.0,,,,,,,,,,,,,,
51,12,3,success,7.131763458251953,1m,1,,,,,,,,,,,,,,6968.37,6968.37,143.506,6968.37,6968.37,6968.37,0.0,6968.37,30000100.0,30000118.0,30000118.0,209052.0,209052.0,,,,,,,,,,,,,,
52,13,0,success,7.134805679321289,1m,2,,,,,,,,,,,,,,6469.78,6469.78,309.129,3234.89,3234.86,3234.92,320.0,3234.89,30000400.0,30000718.0,30000078.0,194096.0,194096.0,,,,,,,,,,,,,,
53,13,1,success,7.142500877380371,1m,2,,,,,,,,,,,,,,6459.27,6459.27,309.632,3229.64,3229.61,3229.67,261.5,3229.64,30000300.0,30000537.0,30000014.0,193780.0,193780.0,,,,,,,,,,,,,,
54,13,2,success,8.160067796707153,1m,2,8805.27,8805.27,227.137,4402.63,4402.59,4402.68,306.5,4402.63,30000700.0,30000986.0,30000373.0,264164.0,264164.0,,,,,,,,,,,,,,,,,,,,,,,,,,,
55,13,3,success,7.1248180866241455,1m,2,8039.52,8039.52,248.771,4019.76,4019.71,4019.8,337.0,4019.76,30000800.0,30001151.0,30000477.0,241192.0,241192.0,,,,,,,,,,,,,,,,,,,,,,,,,,,
56,14,0,success,7.129591941833496,1m,4,25765.9,25765.9,155.244,6441.48,6441.44,6441.5,112.373,6441.48,30000100.0,30000296.0,30000005.0,772980.0,772980.0,,,,,,,,,,,,,,,,,,,,,,,,,,,
57,14,1,success,7.130041837692261,1m,4,25945.6,25945.6,154.169,6486.4,6486.3,6486.48,382.271,6486.4,30000500.0,30000939.0,30000082.0,778380.0,778380.0,,,,,,,,,,,,,,,,,,,,,,,,,,,
58,14,2,success,7.134124040603638,1m,4,23083.3,23083.3,173.285,5770.83,5770.78,5770.88,212.638,5770.83,30000500.0,30000812.0,30000282.0,692512.0,692512.0,,,,,,,,,,,,,,,,,,,,,,,,,,,
59,14,3,success,7.12310791015625,1m,4,25316.4,25316.4,158.0,6329.09,6327.93,6329.66,3328.18,6329.09,30003800.0,30009352.0,30001161.0,759588.0,759588.0,,,,,,,,,,,,,,,,,,,,,,,,,,,
